--------------------------------------------------------
--  文件已创建 - 星期二-二月-23-2016
--------------------------------------------------------
--------------------------------------------------------
--  DDL for Table ADMIN
--------------------------------------------------------

CREATE TABLE "OUSER"."ADMIN"
(	"ID" NUMBER(5,0),
   "NAME" VARCHAR2(25 BYTE),
   "PASSWD" CHAR(32 BYTE),
   "TYPE" NUMBER(1,0),
   "D_NAME" VARCHAR2(20 BYTE)
) SEGMENT CREATION IMMEDIATE
PCTFREE 10 PCTUSED 40 INITRANS 1 MAXTRANS 255 NOCOMPRESS LOGGING
STORAGE(INITIAL 65536 NEXT 1048576 MINEXTENTS 1 MAXEXTENTS 2147483645
PCTINCREASE 0 FREELISTS 1 FREELIST GROUPS 1 BUFFER_POOL DEFAULT FLASH_CACHE DEFAULT CELL_FLASH_CACHE DEFAULT)
TABLESPACE "ORANGE" ;
--------------------------------------------------------
--  DDL for Table CLASSROOM
--------------------------------------------------------

CREATE TABLE "OUSER"."CLASSROOM"
(	"R_ID" NUMBER(*,0),
   "R_NAME" VARCHAR2(20 BYTE),
   "R_SIZE" NUMBER(3,0),
   "R_BUILDING" VARCHAR2(20 BYTE),
   "D_NAME" VARCHAR2(20 BYTE)
) SEGMENT CREATION IMMEDIATE
PCTFREE 10 PCTUSED 40 INITRANS 1 MAXTRANS 255 NOCOMPRESS LOGGING
STORAGE(INITIAL 65536 NEXT 1048576 MINEXTENTS 1 MAXEXTENTS 2147483645
PCTINCREASE 0 FREELISTS 1 FREELIST GROUPS 1 BUFFER_POOL DEFAULT FLASH_CACHE DEFAULT CELL_FLASH_CACHE DEFAULT)
TABLESPACE "ORANGE" ;
--------------------------------------------------------
--  DDL for Table COURSE
--------------------------------------------------------

CREATE TABLE "OUSER"."COURSE"
(	"C_ID" NUMBER(*,0),
   "C_TITLE" VARCHAR2(20 BYTE),
   "D_NAME" VARCHAR2(20 BYTE)
) SEGMENT CREATION IMMEDIATE
PCTFREE 10 PCTUSED 40 INITRANS 1 MAXTRANS 255 NOCOMPRESS LOGGING
STORAGE(INITIAL 65536 NEXT 1048576 MINEXTENTS 1 MAXEXTENTS 2147483645
PCTINCREASE 0 FREELISTS 1 FREELIST GROUPS 1 BUFFER_POOL DEFAULT FLASH_CACHE DEFAULT CELL_FLASH_CACHE DEFAULT)
TABLESPACE "ORANGE" ;
--------------------------------------------------------
--  DDL for Table DEPARTMENT
--------------------------------------------------------

CREATE TABLE "OUSER"."DEPARTMENT"
(	"D_ID" NUMBER(*,0),
   "D_NAME" VARCHAR2(20 BYTE)
) SEGMENT CREATION IMMEDIATE
PCTFREE 10 PCTUSED 40 INITRANS 1 MAXTRANS 255 NOCOMPRESS LOGGING
STORAGE(INITIAL 65536 NEXT 1048576 MINEXTENTS 1 MAXEXTENTS 2147483645
PCTINCREASE 0 FREELISTS 1 FREELIST GROUPS 1 BUFFER_POOL DEFAULT FLASH_CACHE DEFAULT CELL_FLASH_CACHE DEFAULT)
TABLESPACE "ORANGE" ;
--------------------------------------------------------
--  DDL for Table INFO
--------------------------------------------------------

CREATE TABLE "OUSER"."INFO"
(	"KEY" VARCHAR2(20 BYTE),
   "VALUE" VARCHAR2(200 BYTE)
) SEGMENT CREATION IMMEDIATE
PCTFREE 10 PCTUSED 40 INITRANS 1 MAXTRANS 255 NOCOMPRESS LOGGING
STORAGE(INITIAL 65536 NEXT 1048576 MINEXTENTS 1 MAXEXTENTS 2147483645
PCTINCREASE 0 FREELISTS 1 FREELIST GROUPS 1 BUFFER_POOL DEFAULT FLASH_CACHE DEFAULT CELL_FLASH_CACHE DEFAULT)
TABLESPACE "ORANGE" ;
--------------------------------------------------------
--  DDL for Table NOTICE
--------------------------------------------------------

CREATE TABLE "OUSER"."NOTICE"
(	"ID" NUMBER(*,0),
   "TITLE" VARCHAR2(100 BYTE),
   "CONTENT" VARCHAR2(4000 BYTE),
   "PUBTIME" DATE DEFAULT sysdate,
   "TYPE" VARCHAR2(5 BYTE)
) SEGMENT CREATION IMMEDIATE
PCTFREE 10 PCTUSED 40 INITRANS 1 MAXTRANS 255 NOCOMPRESS LOGGING
STORAGE(INITIAL 65536 NEXT 1048576 MINEXTENTS 1 MAXEXTENTS 2147483645
PCTINCREASE 0 FREELISTS 1 FREELIST GROUPS 1 BUFFER_POOL DEFAULT FLASH_CACHE DEFAULT CELL_FLASH_CACHE DEFAULT)
TABLESPACE "ORANGE" ;
--------------------------------------------------------
--  DDL for Table SEC
--------------------------------------------------------

CREATE TABLE "OUSER"."SEC"
(	"SEC_ID" NUMBER(*,0),
   "SEC_SEMESTER" VARCHAR2(20 BYTE),
   "SEC_TYPE" VARCHAR2(20 BYTE),
   "SEC_CREADITS" NUMBER(4,1),
   "C_ID" NUMBER(*,0),
   "T_ID" NUMBER,
   "SEC_DEPTS" VARCHAR2(200 BYTE),
   "S_GRADE" NUMBER(4,0),
   "R_ID" NUMBER(*,0),
   "TS_ID" NUMBER,
   "D_NAME" VARCHAR2(20 BYTE)
) SEGMENT CREATION IMMEDIATE
PCTFREE 10 PCTUSED 40 INITRANS 1 MAXTRANS 255 NOCOMPRESS LOGGING
STORAGE(INITIAL 65536 NEXT 1048576 MINEXTENTS 1 MAXEXTENTS 2147483645
PCTINCREASE 0 FREELISTS 1 FREELIST GROUPS 1 BUFFER_POOL DEFAULT FLASH_CACHE DEFAULT CELL_FLASH_CACHE DEFAULT)
TABLESPACE "ORANGE" ;
--------------------------------------------------------
--  DDL for Table STUDENT
--------------------------------------------------------

CREATE TABLE "OUSER"."STUDENT"
(	"S_ID" NUMBER(*,0),
   "S_ID2" NUMBER(*,0),
   "S_NAME" VARCHAR2(20 BYTE),
   "S_GENDER" CHAR(1 BYTE),
   "S_PASSWD" CHAR(32 BYTE),
   "D_NAME" VARCHAR2(20 BYTE),
   "S_GRADE" NUMBER(4,0)
) SEGMENT CREATION IMMEDIATE
PCTFREE 10 PCTUSED 40 INITRANS 1 MAXTRANS 255 NOCOMPRESS LOGGING
STORAGE(INITIAL 65536 NEXT 1048576 MINEXTENTS 1 MAXEXTENTS 2147483645
PCTINCREASE 0 FREELISTS 1 FREELIST GROUPS 1 BUFFER_POOL DEFAULT FLASH_CACHE DEFAULT CELL_FLASH_CACHE DEFAULT)
TABLESPACE "ORANGE" ;
--------------------------------------------------------
--  DDL for Table TAKES
--------------------------------------------------------

CREATE TABLE "OUSER"."TAKES"
(	"S_ID" NUMBER(*,0),
   "TK_SCORE" VARCHAR2(4 BYTE),
   "TK_POINT" NUMBER(4,1),
   "TK_CREDIT" NUMBER(4,1),
   "C_ID" NUMBER(*,0),
   "SEC_ID" NUMBER(*,0)
) SEGMENT CREATION IMMEDIATE
PCTFREE 10 PCTUSED 40 INITRANS 1 MAXTRANS 255 NOCOMPRESS LOGGING
STORAGE(INITIAL 65536 NEXT 1048576 MINEXTENTS 1 MAXEXTENTS 2147483645
PCTINCREASE 0 FREELISTS 1 FREELIST GROUPS 1 BUFFER_POOL DEFAULT FLASH_CACHE DEFAULT CELL_FLASH_CACHE DEFAULT)
TABLESPACE "ORANGE" ;
--------------------------------------------------------
--  DDL for Table TEACHER
--------------------------------------------------------

CREATE TABLE "OUSER"."TEACHER"
(	"T_ID" NUMBER(*,0),
   "T_NAME" VARCHAR2(20 BYTE),
   "T_LEVEL" VARCHAR2(20 BYTE),
   "T_EMAIL" VARCHAR2(20 BYTE),
   "T_PASSWD" CHAR(32 BYTE),
   "D_NAME" VARCHAR2(20 BYTE)
) SEGMENT CREATION IMMEDIATE
PCTFREE 10 PCTUSED 40 INITRANS 1 MAXTRANS 255 NOCOMPRESS LOGGING
STORAGE(INITIAL 65536 NEXT 1048576 MINEXTENTS 1 MAXEXTENTS 2147483645
PCTINCREASE 0 FREELISTS 1 FREELIST GROUPS 1 BUFFER_POOL DEFAULT FLASH_CACHE DEFAULT CELL_FLASH_CACHE DEFAULT)
TABLESPACE "ORANGE" ;
--------------------------------------------------------
--  DDL for Table TIMESLOT
--------------------------------------------------------

CREATE TABLE "OUSER"."TIMESLOT"
(	"TS_ID" NUMBER(*,0),
   "TS_SWEEK" NUMBER(2,0),
   "TS_EWEEK" NUMBER(2,0),
   "TS_DAY" NUMBER(1,0),
   "TS_SCLASS" NUMBER(2,0),
   "TS_ECLASS" NUMBER(2,0),
   "D_NAME" VARCHAR2(20 BYTE)
) SEGMENT CREATION IMMEDIATE
PCTFREE 10 PCTUSED 40 INITRANS 1 MAXTRANS 255 NOCOMPRESS LOGGING
STORAGE(INITIAL 65536 NEXT 1048576 MINEXTENTS 1 MAXEXTENTS 2147483645
PCTINCREASE 0 FREELISTS 1 FREELIST GROUPS 1 BUFFER_POOL DEFAULT FLASH_CACHE DEFAULT CELL_FLASH_CACHE DEFAULT)
TABLESPACE "ORANGE" ;
REM INSERTING into OUSER.ADMIN
SET DEFINE OFF;
Insert into OUSER.ADMIN (ID,NAME,PASSWD,TYPE,D_NAME) values (0,'orange','2f948f34ebe956b0b0aed8672001d6ac',0,null);
Insert into OUSER.ADMIN (ID,NAME,PASSWD,TYPE,D_NAME) values (51,'a','2259a479f6330bf6f2f482d57d2b9d6c',1,'计算机学院');
Insert into OUSER.ADMIN (ID,NAME,PASSWD,TYPE,D_NAME) values (7,'software','c47c4b860a7206c9b5fde6d62cc81b17',1,'软件学院');
REM INSERTING into OUSER.CLASSROOM
SET DEFINE OFF;
Insert into OUSER.CLASSROOM (R_ID,R_NAME,R_SIZE,R_BUILDING,D_NAME) values (530201,'F1',200,'经信','计算机学院');
Insert into OUSER.CLASSROOM (R_ID,R_NAME,R_SIZE,R_BUILDING,D_NAME) values (540201,'F11',200,'经信','软件学院');
Insert into OUSER.CLASSROOM (R_ID,R_NAME,R_SIZE,R_BUILDING,D_NAME) values (540202,'F10',200,'经信','软件学院');
REM INSERTING into OUSER.COURSE
SET DEFINE OFF;
Insert into OUSER.COURSE (C_ID,C_TITLE,D_NAME) values (540101,'C语言程序设计','软件学院');
Insert into OUSER.COURSE (C_ID,C_TITLE,D_NAME) values (530101,'C语言程序设计','计算机学院');
Insert into OUSER.COURSE (C_ID,C_TITLE,D_NAME) values (540103,'编译原理','软件学院');
Insert into OUSER.COURSE (C_ID,C_TITLE,D_NAME) values (540102,'计算机导论','软件学院');
Insert into OUSER.COURSE (C_ID,C_TITLE,D_NAME) values (540104,'网络安全','软件学院');
REM INSERTING into OUSER.DEPARTMENT
SET DEFINE OFF;
Insert into OUSER.DEPARTMENT (D_ID,D_NAME) values (53,'计算机学院');
Insert into OUSER.DEPARTMENT (D_ID,D_NAME) values (54,'软件学院');
REM INSERTING into OUSER.INFO
SET DEFINE OFF;
Insert into OUSER.INFO (KEY,VALUE) values ('opened','true');
Insert into OUSER.INFO (KEY,VALUE) values ('semester','2015-2016-2');
REM INSERTING into OUSER.NOTICE
SET DEFINE OFF;
Insert into OUSER.NOTICE (ID,TITLE,CONTENT,PUBTIME,TYPE) values (74,'系统已完成','系统分为四大模块：管理员，教务，教师，学生。
管理员可以发布公告，添加院系，添加教务用户；
教务用户可以添加教师，添加学生，管理课程；
教师用户可以查看课表，查看学生名单，上成绩；
学生用户可以选课，查课表，查成绩。',to_date('22-2月 -16','DD-MON-RR'),'123');
REM INSERTING into OUSER.SEC
SET DEFINE OFF;
Insert into OUSER.SEC (SEC_ID,SEC_SEMESTER,SEC_TYPE,SEC_CREADITS,C_ID,T_ID,SEC_DEPTS,S_GRADE,R_ID,TS_ID,D_NAME) values (540003,'2015-2016-2','必修',2,540103,540001,'软件学院;',2013,540202,540303,'软件学院');
Insert into OUSER.SEC (SEC_ID,SEC_SEMESTER,SEC_TYPE,SEC_CREADITS,C_ID,T_ID,SEC_DEPTS,S_GRADE,R_ID,TS_ID,D_NAME) values (520001,'2016-2017-1','必修',2,530101,5310001,'计算机学院;',2016,530201,530301,'计算机学院');
Insert into OUSER.SEC (SEC_ID,SEC_SEMESTER,SEC_TYPE,SEC_CREADITS,C_ID,T_ID,SEC_DEPTS,S_GRADE,R_ID,TS_ID,D_NAME) values (540001,'2015-2016-2','必修',2,540103,540001,'软件学院;',2013,540201,540301,'软件学院');
Insert into OUSER.SEC (SEC_ID,SEC_SEMESTER,SEC_TYPE,SEC_CREADITS,C_ID,T_ID,SEC_DEPTS,S_GRADE,R_ID,TS_ID,D_NAME) values (540002,'2015-2016-2','必修',2,540104,540001,'软件学院;',2013,540201,540302,'软件学院');
REM INSERTING into OUSER.STUDENT
SET DEFINE OFF;
Insert into OUSER.STUDENT (S_ID,S_ID2,S_NAME,S_GENDER,S_PASSWD,D_NAME,S_GRADE) values (54131001,55131001,'学生A','M','11aaa5311fe0088216a8bf27dee4d9c2','软件学院',2013);
Insert into OUSER.STUDENT (S_ID,S_ID2,S_NAME,S_GENDER,S_PASSWD,D_NAME,S_GRADE) values (53150101,56150101,'计院学生甲','M','2cb13cf9644f989c9927a89356928d88','计算机学院',2015);
Insert into OUSER.STUDENT (S_ID,S_ID2,S_NAME,S_GENDER,S_PASSWD,D_NAME,S_GRADE) values (54131002,55131002,'学生甲','M','6833baa318b743986ad058ea4b66d3e4','软件学院',2013);
REM INSERTING into OUSER.TAKES
SET DEFINE OFF;
Insert into OUSER.TAKES (S_ID,TK_SCORE,TK_POINT,TK_CREDIT,C_ID,SEC_ID) values (54131002,'89',3.5,2,540103,540003);
Insert into OUSER.TAKES (S_ID,TK_SCORE,TK_POINT,TK_CREDIT,C_ID,SEC_ID) values (54131001,'90',4,2,540104,540002);
Insert into OUSER.TAKES (S_ID,TK_SCORE,TK_POINT,TK_CREDIT,C_ID,SEC_ID) values (54131002,'89',3.5,2,540103,540001);
Insert into OUSER.TAKES (S_ID,TK_SCORE,TK_POINT,TK_CREDIT,C_ID,SEC_ID) values (54131002,'优秀',4,2,540104,540002);
REM INSERTING into OUSER.TEACHER
SET DEFINE OFF;
Insert into OUSER.TEACHER (T_ID,T_NAME,T_LEVEL,T_EMAIL,T_PASSWD,D_NAME) values (540001,'张三','教授','zhangsan@jlu.edu.cn','1ba4bcf7c7b35071b80b23b6c2a1fc8c','软件学院');
Insert into OUSER.TEACHER (T_ID,T_NAME,T_LEVEL,T_EMAIL,T_PASSWD,D_NAME) values (5310001,'计院教师甲','讲师','1234567@1.com','68a2b70be1a3e8d677a545f01f95c9e3','计算机学院');
REM INSERTING into OUSER.TIMESLOT
SET DEFINE OFF;
Insert into OUSER.TIMESLOT (TS_ID,TS_SWEEK,TS_EWEEK,TS_DAY,TS_SCLASS,TS_ECLASS,D_NAME) values (540303,1,16,2,5,6,'软件学院');
Insert into OUSER.TIMESLOT (TS_ID,TS_SWEEK,TS_EWEEK,TS_DAY,TS_SCLASS,TS_ECLASS,D_NAME) values (530301,1,16,1,1,2,'计算机学院');
Insert into OUSER.TIMESLOT (TS_ID,TS_SWEEK,TS_EWEEK,TS_DAY,TS_SCLASS,TS_ECLASS,D_NAME) values (540302,1,16,1,3,4,'软件学院');
Insert into OUSER.TIMESLOT (TS_ID,TS_SWEEK,TS_EWEEK,TS_DAY,TS_SCLASS,TS_ECLASS,D_NAME) values (540301,1,16,1,1,2,'软件学院');
--------------------------------------------------------
--  DDL for Index SYS_C0011391
--------------------------------------------------------

CREATE UNIQUE INDEX "OUSER"."SYS_C0011391" ON "OUSER"."ADMIN" ("ID")
PCTFREE 10 INITRANS 2 MAXTRANS 255 COMPUTE STATISTICS
STORAGE(INITIAL 65536 NEXT 1048576 MINEXTENTS 1 MAXEXTENTS 2147483645
PCTINCREASE 0 FREELISTS 1 FREELIST GROUPS 1 BUFFER_POOL DEFAULT FLASH_CACHE DEFAULT CELL_FLASH_CACHE DEFAULT)
TABLESPACE "ORANGE" ;
--------------------------------------------------------
--  DDL for Index UQ_ADMIN_NAME
--------------------------------------------------------

CREATE UNIQUE INDEX "OUSER"."UQ_ADMIN_NAME" ON "OUSER"."ADMIN" ("NAME")
PCTFREE 10 INITRANS 2 MAXTRANS 255 COMPUTE STATISTICS
STORAGE(INITIAL 65536 NEXT 1048576 MINEXTENTS 1 MAXEXTENTS 2147483645
PCTINCREASE 0 FREELISTS 1 FREELIST GROUPS 1 BUFFER_POOL DEFAULT FLASH_CACHE DEFAULT CELL_FLASH_CACHE DEFAULT)
TABLESPACE "ORANGE" ;
--------------------------------------------------------
--  DDL for Index SYS_C0011364
--------------------------------------------------------

CREATE UNIQUE INDEX "OUSER"."SYS_C0011364" ON "OUSER"."CLASSROOM" ("R_ID")
PCTFREE 10 INITRANS 2 MAXTRANS 255 COMPUTE STATISTICS
STORAGE(INITIAL 65536 NEXT 1048576 MINEXTENTS 1 MAXEXTENTS 2147483645
PCTINCREASE 0 FREELISTS 1 FREELIST GROUPS 1 BUFFER_POOL DEFAULT FLASH_CACHE DEFAULT CELL_FLASH_CACHE DEFAULT)
TABLESPACE "ORANGE" ;
--------------------------------------------------------
--  DDL for Index SYS_C0011366
--------------------------------------------------------

CREATE UNIQUE INDEX "OUSER"."SYS_C0011366" ON "OUSER"."COURSE" ("C_ID")
PCTFREE 10 INITRANS 2 MAXTRANS 255 COMPUTE STATISTICS
STORAGE(INITIAL 65536 NEXT 1048576 MINEXTENTS 1 MAXEXTENTS 2147483645
PCTINCREASE 0 FREELISTS 1 FREELIST GROUPS 1 BUFFER_POOL DEFAULT FLASH_CACHE DEFAULT CELL_FLASH_CACHE DEFAULT)
TABLESPACE "ORANGE" ;
--------------------------------------------------------
--  DDL for Index UQ_D_ID
--------------------------------------------------------

CREATE UNIQUE INDEX "OUSER"."UQ_D_ID" ON "OUSER"."DEPARTMENT" ("D_ID")
PCTFREE 10 INITRANS 2 MAXTRANS 255 COMPUTE STATISTICS
STORAGE(INITIAL 65536 NEXT 1048576 MINEXTENTS 1 MAXEXTENTS 2147483645
PCTINCREASE 0 FREELISTS 1 FREELIST GROUPS 1 BUFFER_POOL DEFAULT FLASH_CACHE DEFAULT CELL_FLASH_CACHE DEFAULT)
TABLESPACE "ORANGE" ;
--------------------------------------------------------
--  DDL for Index SYS_C0011350
--------------------------------------------------------

CREATE UNIQUE INDEX "OUSER"."SYS_C0011350" ON "OUSER"."DEPARTMENT" ("D_ID", "D_NAME")
PCTFREE 10 INITRANS 2 MAXTRANS 255 COMPUTE STATISTICS
STORAGE(INITIAL 65536 NEXT 1048576 MINEXTENTS 1 MAXEXTENTS 2147483645
PCTINCREASE 0 FREELISTS 1 FREELIST GROUPS 1 BUFFER_POOL DEFAULT FLASH_CACHE DEFAULT CELL_FLASH_CACHE DEFAULT)
TABLESPACE "ORANGE" ;
--------------------------------------------------------
--  DDL for Index SYS_C0011351
--------------------------------------------------------

CREATE UNIQUE INDEX "OUSER"."SYS_C0011351" ON "OUSER"."DEPARTMENT" ("D_NAME")
PCTFREE 10 INITRANS 2 MAXTRANS 255 COMPUTE STATISTICS
STORAGE(INITIAL 65536 NEXT 1048576 MINEXTENTS 1 MAXEXTENTS 2147483645
PCTINCREASE 0 FREELISTS 1 FREELIST GROUPS 1 BUFFER_POOL DEFAULT FLASH_CACHE DEFAULT CELL_FLASH_CACHE DEFAULT)
TABLESPACE "ORANGE" ;
--------------------------------------------------------
--  DDL for Index INFO_PK
--------------------------------------------------------

CREATE UNIQUE INDEX "OUSER"."INFO_PK" ON "OUSER"."INFO" ("KEY")
PCTFREE 10 INITRANS 2 MAXTRANS 255 COMPUTE STATISTICS
STORAGE(INITIAL 65536 NEXT 1048576 MINEXTENTS 1 MAXEXTENTS 2147483645
PCTINCREASE 0 FREELISTS 1 FREELIST GROUPS 1 BUFFER_POOL DEFAULT FLASH_CACHE DEFAULT CELL_FLASH_CACHE DEFAULT)
TABLESPACE "ORANGE" ;
--------------------------------------------------------
--  DDL for Index SYS_C0011393
--------------------------------------------------------

CREATE UNIQUE INDEX "OUSER"."SYS_C0011393" ON "OUSER"."NOTICE" ("ID")
PCTFREE 10 INITRANS 2 MAXTRANS 255 COMPUTE STATISTICS
STORAGE(INITIAL 65536 NEXT 1048576 MINEXTENTS 1 MAXEXTENTS 2147483645
PCTINCREASE 0 FREELISTS 1 FREELIST GROUPS 1 BUFFER_POOL DEFAULT FLASH_CACHE DEFAULT CELL_FLASH_CACHE DEFAULT)
TABLESPACE "ORANGE" ;
--------------------------------------------------------
--  DDL for Index SYS_C0011368
--------------------------------------------------------

CREATE UNIQUE INDEX "OUSER"."SYS_C0011368" ON "OUSER"."SEC" ("SEC_ID", "C_ID")
PCTFREE 10 INITRANS 2 MAXTRANS 255 COMPUTE STATISTICS
STORAGE(INITIAL 65536 NEXT 1048576 MINEXTENTS 1 MAXEXTENTS 2147483645
PCTINCREASE 0 FREELISTS 1 FREELIST GROUPS 1 BUFFER_POOL DEFAULT FLASH_CACHE DEFAULT CELL_FLASH_CACHE DEFAULT)
TABLESPACE "ORANGE" ;
--------------------------------------------------------
--  DDL for Index SYS_C0011354
--------------------------------------------------------

CREATE UNIQUE INDEX "OUSER"."SYS_C0011354" ON "OUSER"."STUDENT" ("S_ID")
PCTFREE 10 INITRANS 2 MAXTRANS 255 COMPUTE STATISTICS
STORAGE(INITIAL 65536 NEXT 1048576 MINEXTENTS 1 MAXEXTENTS 2147483645
PCTINCREASE 0 FREELISTS 1 FREELIST GROUPS 1 BUFFER_POOL DEFAULT FLASH_CACHE DEFAULT CELL_FLASH_CACHE DEFAULT)
TABLESPACE "ORANGE" ;
--------------------------------------------------------
--  DDL for Index SYS_C0011370
--------------------------------------------------------

CREATE UNIQUE INDEX "OUSER"."SYS_C0011370" ON "OUSER"."TAKES" ("S_ID", "C_ID", "SEC_ID")
PCTFREE 10 INITRANS 2 MAXTRANS 255 COMPUTE STATISTICS
STORAGE(INITIAL 65536 NEXT 1048576 MINEXTENTS 1 MAXEXTENTS 2147483645
PCTINCREASE 0 FREELISTS 1 FREELIST GROUPS 1 BUFFER_POOL DEFAULT FLASH_CACHE DEFAULT CELL_FLASH_CACHE DEFAULT)
TABLESPACE "ORANGE" ;
--------------------------------------------------------
--  DDL for Index SYS_C0011357
--------------------------------------------------------

CREATE UNIQUE INDEX "OUSER"."SYS_C0011357" ON "OUSER"."TEACHER" ("T_ID")
PCTFREE 10 INITRANS 2 MAXTRANS 255 COMPUTE STATISTICS
STORAGE(INITIAL 65536 NEXT 1048576 MINEXTENTS 1 MAXEXTENTS 2147483645
PCTINCREASE 0 FREELISTS 1 FREELIST GROUPS 1 BUFFER_POOL DEFAULT FLASH_CACHE DEFAULT CELL_FLASH_CACHE DEFAULT)
TABLESPACE "ORANGE" ;
--------------------------------------------------------
--  DDL for Index SYS_C0011363
--------------------------------------------------------

CREATE UNIQUE INDEX "OUSER"."SYS_C0011363" ON "OUSER"."TIMESLOT" ("TS_ID")
PCTFREE 10 INITRANS 2 MAXTRANS 255 COMPUTE STATISTICS
STORAGE(INITIAL 65536 NEXT 1048576 MINEXTENTS 1 MAXEXTENTS 2147483645
PCTINCREASE 0 FREELISTS 1 FREELIST GROUPS 1 BUFFER_POOL DEFAULT FLASH_CACHE DEFAULT CELL_FLASH_CACHE DEFAULT)
TABLESPACE "ORANGE" ;
--------------------------------------------------------
--  Constraints for Table ADMIN
--------------------------------------------------------

ALTER TABLE "OUSER"."ADMIN" ADD PRIMARY KEY ("ID")
  USING INDEX PCTFREE 10 INITRANS 2 MAXTRANS 255 COMPUTE STATISTICS
  STORAGE(INITIAL 65536 NEXT 1048576 MINEXTENTS 1 MAXEXTENTS 2147483645
  PCTINCREASE 0 FREELISTS 1 FREELIST GROUPS 1 BUFFER_POOL DEFAULT FLASH_CACHE DEFAULT CELL_FLASH_CACHE DEFAULT)
  TABLESPACE "ORANGE"  ENABLE;

ALTER TABLE "OUSER"."ADMIN" ADD CONSTRAINT "UQ_ADMIN_NAME" UNIQUE ("NAME")
  USING INDEX PCTFREE 10 INITRANS 2 MAXTRANS 255 COMPUTE STATISTICS
  STORAGE(INITIAL 65536 NEXT 1048576 MINEXTENTS 1 MAXEXTENTS 2147483645
  PCTINCREASE 0 FREELISTS 1 FREELIST GROUPS 1 BUFFER_POOL DEFAULT FLASH_CACHE DEFAULT CELL_FLASH_CACHE DEFAULT)
  TABLESPACE "ORANGE"  ENABLE;
--------------------------------------------------------
--  Constraints for Table CLASSROOM
--------------------------------------------------------

ALTER TABLE "OUSER"."CLASSROOM" ADD PRIMARY KEY ("R_ID")
  USING INDEX PCTFREE 10 INITRANS 2 MAXTRANS 255 COMPUTE STATISTICS
  STORAGE(INITIAL 65536 NEXT 1048576 MINEXTENTS 1 MAXEXTENTS 2147483645
  PCTINCREASE 0 FREELISTS 1 FREELIST GROUPS 1 BUFFER_POOL DEFAULT FLASH_CACHE DEFAULT CELL_FLASH_CACHE DEFAULT)
  TABLESPACE "ORANGE"  ENABLE;
--------------------------------------------------------
--  Constraints for Table COURSE
--------------------------------------------------------

ALTER TABLE "OUSER"."COURSE" ADD PRIMARY KEY ("C_ID")
  USING INDEX PCTFREE 10 INITRANS 2 MAXTRANS 255 COMPUTE STATISTICS
  STORAGE(INITIAL 65536 NEXT 1048576 MINEXTENTS 1 MAXEXTENTS 2147483645
  PCTINCREASE 0 FREELISTS 1 FREELIST GROUPS 1 BUFFER_POOL DEFAULT FLASH_CACHE DEFAULT CELL_FLASH_CACHE DEFAULT)
  TABLESPACE "ORANGE"  ENABLE;
--------------------------------------------------------
--  Constraints for Table DEPARTMENT
--------------------------------------------------------

ALTER TABLE "OUSER"."DEPARTMENT" MODIFY ("D_ID" NOT NULL ENABLE);

ALTER TABLE "OUSER"."DEPARTMENT" MODIFY ("D_NAME" NOT NULL ENABLE);

ALTER TABLE "OUSER"."DEPARTMENT" ADD PRIMARY KEY ("D_ID", "D_NAME")
  USING INDEX PCTFREE 10 INITRANS 2 MAXTRANS 255 COMPUTE STATISTICS
  STORAGE(INITIAL 65536 NEXT 1048576 MINEXTENTS 1 MAXEXTENTS 2147483645
  PCTINCREASE 0 FREELISTS 1 FREELIST GROUPS 1 BUFFER_POOL DEFAULT FLASH_CACHE DEFAULT CELL_FLASH_CACHE DEFAULT)
  TABLESPACE "ORANGE"  ENABLE;

ALTER TABLE "OUSER"."DEPARTMENT" ADD UNIQUE ("D_NAME")
  USING INDEX PCTFREE 10 INITRANS 2 MAXTRANS 255 COMPUTE STATISTICS
  STORAGE(INITIAL 65536 NEXT 1048576 MINEXTENTS 1 MAXEXTENTS 2147483645
  PCTINCREASE 0 FREELISTS 1 FREELIST GROUPS 1 BUFFER_POOL DEFAULT FLASH_CACHE DEFAULT CELL_FLASH_CACHE DEFAULT)
  TABLESPACE "ORANGE"  ENABLE;

ALTER TABLE "OUSER"."DEPARTMENT" ADD CONSTRAINT "UQ_D_ID" UNIQUE ("D_ID")
  USING INDEX PCTFREE 10 INITRANS 2 MAXTRANS 255 COMPUTE STATISTICS
  STORAGE(INITIAL 65536 NEXT 1048576 MINEXTENTS 1 MAXEXTENTS 2147483645
  PCTINCREASE 0 FREELISTS 1 FREELIST GROUPS 1 BUFFER_POOL DEFAULT FLASH_CACHE DEFAULT CELL_FLASH_CACHE DEFAULT)
  TABLESPACE "ORANGE"  ENABLE;
--------------------------------------------------------
--  Constraints for Table INFO
--------------------------------------------------------

ALTER TABLE "OUSER"."INFO" ADD CONSTRAINT "INFO_PK" PRIMARY KEY ("KEY")
  USING INDEX PCTFREE 10 INITRANS 2 MAXTRANS 255 COMPUTE STATISTICS
  STORAGE(INITIAL 65536 NEXT 1048576 MINEXTENTS 1 MAXEXTENTS 2147483645
  PCTINCREASE 0 FREELISTS 1 FREELIST GROUPS 1 BUFFER_POOL DEFAULT FLASH_CACHE DEFAULT CELL_FLASH_CACHE DEFAULT)
  TABLESPACE "ORANGE"  ENABLE;

ALTER TABLE "OUSER"."INFO" MODIFY ("KEY" NOT NULL ENABLE);

ALTER TABLE "OUSER"."INFO" MODIFY ("VALUE" NOT NULL ENABLE);
--------------------------------------------------------
--  Constraints for Table NOTICE
--------------------------------------------------------

ALTER TABLE "OUSER"."NOTICE" ADD PRIMARY KEY ("ID")
  USING INDEX PCTFREE 10 INITRANS 2 MAXTRANS 255 COMPUTE STATISTICS
  STORAGE(INITIAL 65536 NEXT 1048576 MINEXTENTS 1 MAXEXTENTS 2147483645
  PCTINCREASE 0 FREELISTS 1 FREELIST GROUPS 1 BUFFER_POOL DEFAULT FLASH_CACHE DEFAULT CELL_FLASH_CACHE DEFAULT)
  TABLESPACE "ORANGE"  ENABLE;
--------------------------------------------------------
--  Constraints for Table SEC
--------------------------------------------------------

ALTER TABLE "OUSER"."SEC" ADD PRIMARY KEY ("SEC_ID", "C_ID")
  USING INDEX PCTFREE 10 INITRANS 2 MAXTRANS 255 COMPUTE STATISTICS
  STORAGE(INITIAL 65536 NEXT 1048576 MINEXTENTS 1 MAXEXTENTS 2147483645
  PCTINCREASE 0 FREELISTS 1 FREELIST GROUPS 1 BUFFER_POOL DEFAULT FLASH_CACHE DEFAULT CELL_FLASH_CACHE DEFAULT)
  TABLESPACE "ORANGE"  ENABLE;
--------------------------------------------------------
--  Constraints for Table STUDENT
--------------------------------------------------------

ALTER TABLE "OUSER"."STUDENT" MODIFY ("S_NAME" NOT NULL ENABLE);

ALTER TABLE "OUSER"."STUDENT" ADD CHECK (s_gender in ('M','F')) ENABLE;

ALTER TABLE "OUSER"."STUDENT" ADD PRIMARY KEY ("S_ID")
  USING INDEX PCTFREE 10 INITRANS 2 MAXTRANS 255 COMPUTE STATISTICS
  STORAGE(INITIAL 65536 NEXT 1048576 MINEXTENTS 1 MAXEXTENTS 2147483645
  PCTINCREASE 0 FREELISTS 1 FREELIST GROUPS 1 BUFFER_POOL DEFAULT FLASH_CACHE DEFAULT CELL_FLASH_CACHE DEFAULT)
  TABLESPACE "ORANGE"  ENABLE;
--------------------------------------------------------
--  Constraints for Table TAKES
--------------------------------------------------------

ALTER TABLE "OUSER"."TAKES" ADD PRIMARY KEY ("S_ID", "C_ID", "SEC_ID")
  USING INDEX PCTFREE 10 INITRANS 2 MAXTRANS 255 COMPUTE STATISTICS
  STORAGE(INITIAL 65536 NEXT 1048576 MINEXTENTS 1 MAXEXTENTS 2147483645
  PCTINCREASE 0 FREELISTS 1 FREELIST GROUPS 1 BUFFER_POOL DEFAULT FLASH_CACHE DEFAULT CELL_FLASH_CACHE DEFAULT)
  TABLESPACE "ORANGE"  ENABLE;
--------------------------------------------------------
--  Constraints for Table TEACHER
--------------------------------------------------------

ALTER TABLE "OUSER"."TEACHER" MODIFY ("T_NAME" NOT NULL ENABLE);

ALTER TABLE "OUSER"."TEACHER" ADD PRIMARY KEY ("T_ID")
  USING INDEX PCTFREE 10 INITRANS 2 MAXTRANS 255 COMPUTE STATISTICS
  STORAGE(INITIAL 65536 NEXT 1048576 MINEXTENTS 1 MAXEXTENTS 2147483645
  PCTINCREASE 0 FREELISTS 1 FREELIST GROUPS 1 BUFFER_POOL DEFAULT FLASH_CACHE DEFAULT CELL_FLASH_CACHE DEFAULT)
  TABLESPACE "ORANGE"  ENABLE;
--------------------------------------------------------
--  Constraints for Table TIMESLOT
--------------------------------------------------------

ALTER TABLE "OUSER"."TIMESLOT" ADD CHECK (ts_sweek >= 1 AND ts_sweek < 25) ENABLE;

ALTER TABLE "OUSER"."TIMESLOT" ADD CHECK (ts_eweek >= 1 AND ts_eweek < 25) ENABLE;

ALTER TABLE "OUSER"."TIMESLOT" ADD CHECK (ts_day   >  0 AND ts_day   < 8 ) ENABLE;

ALTER TABLE "OUSER"."TIMESLOT" ADD CHECK ("TS_SCLASS">0 AND "TS_SCLASS"<15) ENABLE;

ALTER TABLE "OUSER"."TIMESLOT" ADD CONSTRAINT "SYS_C0011363" PRIMARY KEY ("TS_ID")
  USING INDEX PCTFREE 10 INITRANS 2 MAXTRANS 255 COMPUTE STATISTICS
  STORAGE(INITIAL 65536 NEXT 1048576 MINEXTENTS 1 MAXEXTENTS 2147483645
  PCTINCREASE 0 FREELISTS 1 FREELIST GROUPS 1 BUFFER_POOL DEFAULT FLASH_CACHE DEFAULT CELL_FLASH_CACHE DEFAULT)
  TABLESPACE "ORANGE"  ENABLE;
--------------------------------------------------------
--  Ref Constraints for Table ADMIN
--------------------------------------------------------

ALTER TABLE "OUSER"."ADMIN" ADD FOREIGN KEY ("D_NAME")
REFERENCES "OUSER"."DEPARTMENT" ("D_NAME") ENABLE;
--------------------------------------------------------
--  Ref Constraints for Table CLASSROOM
--------------------------------------------------------

ALTER TABLE "OUSER"."CLASSROOM" ADD CONSTRAINT "FO1" FOREIGN KEY ("D_NAME")
REFERENCES "OUSER"."DEPARTMENT" ("D_NAME") ENABLE;
--------------------------------------------------------
--  Ref Constraints for Table COURSE
--------------------------------------------------------

ALTER TABLE "OUSER"."COURSE" ADD CONSTRAINT "FO" FOREIGN KEY ("D_NAME")
REFERENCES "OUSER"."DEPARTMENT" ("D_NAME") ENABLE;
--------------------------------------------------------
--  Ref Constraints for Table SEC
--------------------------------------------------------

ALTER TABLE "OUSER"."SEC" ADD CONSTRAINT "SEC_FK1" FOREIGN KEY ("D_NAME")
REFERENCES "OUSER"."DEPARTMENT" ("D_NAME") ENABLE;

ALTER TABLE "OUSER"."SEC" ADD CONSTRAINT "SEC_FK2" FOREIGN KEY ("T_ID")
REFERENCES "OUSER"."TEACHER" ("T_ID") ENABLE;

ALTER TABLE "OUSER"."SEC" ADD CONSTRAINT "SEC_FK3" FOREIGN KEY ("R_ID")
REFERENCES "OUSER"."CLASSROOM" ("R_ID") ENABLE;

ALTER TABLE "OUSER"."SEC" ADD FOREIGN KEY ("C_ID")
REFERENCES "OUSER"."COURSE" ("C_ID") ENABLE;
--------------------------------------------------------
--  Ref Constraints for Table STUDENT
--------------------------------------------------------

ALTER TABLE "OUSER"."STUDENT" ADD FOREIGN KEY ("D_NAME")
REFERENCES "OUSER"."DEPARTMENT" ("D_NAME") ON DELETE SET NULL ENABLE;
--------------------------------------------------------
--  Ref Constraints for Table TAKES
--------------------------------------------------------

ALTER TABLE "OUSER"."TAKES" ADD FOREIGN KEY ("SEC_ID", "C_ID")
REFERENCES "OUSER"."SEC" ("SEC_ID", "C_ID") ENABLE;

ALTER TABLE "OUSER"."TAKES" ADD FOREIGN KEY ("S_ID")
REFERENCES "OUSER"."STUDENT" ("S_ID") ENABLE;
--------------------------------------------------------
--  Ref Constraints for Table TEACHER
--------------------------------------------------------

ALTER TABLE "OUSER"."TEACHER" ADD FOREIGN KEY ("D_NAME")
REFERENCES "OUSER"."DEPARTMENT" ("D_NAME") ON DELETE SET NULL ENABLE;
--------------------------------------------------------
--  Ref Constraints for Table TIMESLOT
--------------------------------------------------------

ALTER TABLE "OUSER"."TIMESLOT" ADD CONSTRAINT "FO2" FOREIGN KEY ("D_NAME")
REFERENCES "OUSER"."DEPARTMENT" ("D_NAME") ENABLE;
